sampleid	internID	PCRID	batch	piece	slice	owner	samplecontrol	target	firstorder	libconc	spikecells	transferred	origin	dilpreextr
FR-B1-01_109022-A01	FR-B1-01	109022	1	B1	01	Ferdl	sample	16S	1	1.2	10000	1	1	1
FR-B2-01_109022-A02	FR-B2-01	109022	1	B2	01	Ferdl	sample	16S	21	1.31	10000	1	1	1
FR-B3-01_109022-A03	FR-B3-01	109022	1	B3	01	Ferdl	sample	16S	41	0.99	10000	1	1	1
FR-B4-01_109022-A04	FR-B4-01	109022	2	B4	01	Ferdl	sample	16S	62	0.92	10000	1	1	1
FR-B5-01_109022-A05	FR-B5-01	109022	2	B5	01	Ferdl	sample	16S	82	1.94	10000	1	1	1
FR-B6-01_109022-A06	FR-B6-01	109022	2	B6	01	Ferdl	sample	16S	102	1.13	10000	1	1	1
FR-B7-01_109022-A07	FR-B7-01	109022	3	B7	01	Ferdl	sample	16S	120	2.58	10000	1	1	1
FR-B8-01_109022-A08	FR-B8-01	109022	3	B8	01	Ferdl	sample	16S	138	1.09	10000	1	1	1
FR-B9-01_109022-A09	FR-B9-01	109022	3	B9	01	Ferdl	sample	16S	157	0.95	10000	1	1	1
FR-B1-02_109022-A10	FR-B1-02	109022	1	B1	02	Ferdl	sample	16S	3	0.86	10000	1	1	1
FR-B2-02_109022-A11	FR-B2-02	109022	1	B2	02	Ferdl	sample	16S	23	1.87	10000	1	1	1
FR-B3-02_109022-A12	FR-B3-02	109022	1	B3	02	Ferdl	sample	16S	43	0.98	10000	1	1	1
FR-B4-02_109022-B01	FR-B4-02	109022	2	B4	02	Ferdl	sample	16S	64	2.62	10000	0.5	1	0.5
FR-B5-02_109022-B02	FR-B5-02	109022	2	B5	02	Ferdl	sample	16S	84	5.07	10000	0.75	1	0.75
FR-B6-02_109022-B03	FR-B6-02	109022	2	B6	02	Ferdl	sample	16S	104	5.28	10000	1	1	1
FR-B7-02_109022-B04	FR-B7-02	109022	3	B7	02	Ferdl	sample	16S	122	2.33	10000	1	1	1
FR-B8-02_109022-B05	FR-B8-02	109022	3	B8	02	Ferdl	sample	16S	140	3.83	10000	0.7	1	0.7
FR-B9-02_109022-B06	FR-B9-02	109022	3	B9	02	Ferdl	sample	16S	159	2.54	10000	0.6	1	0.6
FR-B1-03_109022-B07	FR-B1-03	109022	1	B1	03	Ferdl	sample	16S	5	2.86	10000	0.75	1	0.75
FR-B2-03_109022-B08	FR-B2-03	109022	1	B2	03	Ferdl	sample	16S	25	4.88	10000	1	1	1
FR-B3-03_109022-B09	FR-B3-03	109022	1	B3	03	Ferdl	sample	16S	45	4.6	10000	0.75	1	0.75
FR-B4-03_109022-B10	FR-B4-03	109022	2	B4	03	Ferdl	sample	16S	66	4.87	10000	1	2	0.5
FR-B5-03_109022-C01	FR-B5-03	109022	2	B5	03	Ferdl	sample	16S	86	6.05	10000	0.75	1	0.75
FR-B6-03_109022-C02	FR-B6-03	109022	2	B6	03	Ferdl	sample	16S	106	5.68	10000	0.96	1	0.96
FR-B7-03_109022-C03	FR-B7-03	109022	3	B7	03	Ferdl	sample	16S	124	5.81	10000	0.6	1	0.6
FR-B8-03_109022-C04	FR-B8-03	109022	3	B8	03	Ferdl	sample	16S	142	5.9	10000	0.9	1	0.9
FR-B9-03_109022-C05	FR-B9-03	109022	3	B9	03	Ferdl	sample	16S	161	4.08	10000	1	2	0.5
FR-B1-04_109022-C06	FR-B1-04	109022	1	B1	04	Ferdl	sample	16S	7	2.66	10000	0.75	2	0.375
FR-B2-04_109022-C07	FR-B2-04	109022	1	B2	04	Ferdl	sample	16S	27	3.46	10000	0.6	1	0.6
FR-B3-04_109022-C08	FR-B3-04	109022	1	B3	04	Ferdl	sample	16S	47	2.97	10000	1	2	0.5
FR-B4-04_109022-C09	FR-B4-04	109022	2	B4	04	Ferdl	sample	16S	68	4.03	10000	1	2	0.5
FR-B5-04_109022-C10	FR-B5-04	109022	2	B5	04	Ferdl	sample	16S	88	5.92	10000	0.6	1	0.6
FR-B6-04_109022-C11	FR-B6-04	109022	2	B6	04	Ferdl	sample	16S	108	6.11	10000	1	2	0.5
FR-B7-04_109022-C12	FR-B7-04	109022	3	B7	04	Ferdl	sample	16S	126	4.17	10000	0.55	1	0.55
FR-B8-04_109022-D01	FR-B8-04	109022	3	B8	04	Ferdl	sample	16S	144	6.27	10000	1	1	1
FR-B9-04_109022-D02	FR-B9-04	109022	3	B9	04	Ferdl	sample	16S	163	3.47	10000	0.6	1	0.6
FR-B1-05_109022-D03	FR-B1-05	109022	1	B1	05	Ferdl	sample	16S	9	2.94	1000000	1	2	0.5
FR-B2-05_109022-D04	FR-B2-05	109022	1	B2	05	Ferdl	sample	16S	29	4.86	1000000	1	2	0.5
FR-B3-05_109022-D05	FR-B3-05	109022	1	B3	05	Ferdl	sample	16S	49	5.6	1000000	1	1	1
FR-B4-05_109022-D06	FR-B4-05	109022	2	B4	05	Ferdl	sample	16S	70	5.21	1000000	1	2	0.5
FR-B5-05_109022-D07	FR-B5-05	109022	2	B5	05	Ferdl	sample	16S	90	3.82	1000000	0.75	1	0.75
FR-B6-05_109022-D08	FR-B6-05	109022	2	B6	05	Ferdl	sample	16S	110	3.81	1000000	0.75	1	0.75
FR-B7-05_109022-D09	FR-B7-05	109022	3	B7	05	Ferdl	sample	16S	128	3.69	1000000	0.75	1	0.75
FR-B8-05_109022-D10	FR-B8-05	109022	3	B8	05	Ferdl	sample	16S	146	4.72	1000000	0.75	1	0.75
FR-B9-05_109022-E01	FR-B9-05	109022	3	B9	05	Ferdl	sample	16S	165	6.79	1000000	0.75	2	0.375
FR-B1-06_109022-E02	FR-B1-06	109022	1	B1	06	Ferdl	sample	16S	11	6.32	1000000	0.7	1	0.7
FR-B2-06_109022-E03	FR-B2-06	109022	1	B2	06	Ferdl	sample	16S	31	6.31	1000000	0.8	2	0.4
FR-B3-06_109022-E04	FR-B3-06	109022	1	B3	06	Ferdl	sample	16S	51	6.08	1000000	0.8	2	0.4
FR-B4-06_109022-E05	FR-B4-06	109022	2	B4	06	Ferdl	sample	16S	72	6.1	1000000	0.6	1	0.6
FR-B5-06_109022-E06	FR-B5-06	109022	2	B5	06	Ferdl	sample	16S	92	6.57	1000000	0.75	1	0.75
FR-B6-06_109022-E07	FR-B6-06	109022	2	B6	06	Ferdl	sample	16S	111	5.67	1000000	0.7	2	0.35
FR-B7-06_109022-E08	FR-B7-06	109022	3	B7	06	Ferdl	sample	16S	130	3.67	1000000	0.8	2	0.4
FR-B8-06_109022-E09	FR-B8-06	109022	3	B8	06	Ferdl	sample	16S	148	3.44	1000000	0.6	1	0.6
FR-B9-06_109022-E10	FR-B9-06	109022	3	B9	06	Ferdl	sample	16S	167	3.55	1000000	0.75	2	0.375
FR-B1-07_109022-E11	FR-B1-07	109022	1	B1	07	Ferdl	sample	16S	13	3.86	1000000	0.8	2	0.4
FR-B2-07_109022-E12	FR-B2-07	109022	1	B2	07	Ferdl	sample	16S	33	1.72	1000000	0.9	2	0.45
FR-B3-07_109022-F01	FR-B3-07	109022	1	B3	07	Ferdl	sample	16S	53	6.5	1000000	0.8	2	0.4
FR-B4-07_109022-F02	FR-B4-07	109022	2	B4	07	Ferdl	sample	16S	74	6.38	1000000	0.8	2	0.4
FR-B5-07_109022-F03	FR-B5-07	109022	2	B5	07	Ferdl	sample	16S	94	6.7	1000000	0.9	2	0.45
FR-B6-07_109022-F04	FR-B6-07	109022	2	B6	07	Ferdl	sample	16S	112	6.39	1000000	0.9	2	0.45
FR-B7-07_109022-F05	FR-B7-07	109022	3	B7	07	Ferdl	sample	16S	131	6.42	1000000	0.5	1	0.5
FR-B8-07_109022-F06	FR-B8-07	109022	3	B8	07	Ferdl	sample	16S	150	6.55	1000000	0.5	1	0.5
FR-B9-07_109022-F07	FR-B9-07	109022	3	B9	07	Ferdl	sample	16S	169	6.54	1000000	0.8	2	0.4
FR-B1-08_109022-F08	FR-B1-08	109022	1	B1	08	Ferdl	sample	16S	15	6	1000000	1	2	0.5
FR-B2-08_109022-F09	FR-B2-08	109022	1	B2	08	Ferdl	sample	16S	35	6.27	1000000	1	2	0.5
FR-B3-08_109022-F10	FR-B3-08	109022	1	B3	08	Ferdl	sample	16S	56	6.23	1000000	0.9	2	0.45
FR-B4-08_109022-G01	FR-B4-08	109022	2	B4	08	Ferdl	sample	16S	76	5.91	1000000	0.7	2	0.35
FR-B5-08_109022-G02	FR-B5-08	109022	2	B5	08	Ferdl	sample	16S	96	6.48	1000000	1	2	0.5
FR-B6-08_109022-G03	FR-B6-08	109022	2	B6	08	Ferdl	sample	16S	114	6.05	1000000	0.9	2	0.45
FR-B7-08_109022-G04	FR-B7-08	109022	3	B7	08	Ferdl	sample	16S	133	6.61	1000000	0.8	2	0.4
FR-B8-08_109022-G05	FR-B8-08	109022	3	B8	08	Ferdl	sample	16S	152	5.85	1000000	0.6	1	0.6
FR-B9-08_109022-G06	FR-B9-08	109022	3	B9	08	Ferdl	sample	16S	171	6.13	1000000	0.9	2	0.45
FR-B1-09_109022-G07	FR-B1-09	109022	1	B1	09	Ferdl	sample	16S	17	6.05	1000000	1	1	1
FR-B2-09_109022-G08	FR-B2-09	109022	1	B2	09	Ferdl	sample	16S	37	4.43	1000000	0.5	1	0.5
FR-B3-09_109022-G09	FR-B3-09	109022	1	B3	09	Ferdl	sample	16S	58	4.69	1000000	0.75	2	0.375
FR-B4-09_109022-G10	FR-B4-09	109022	2	B4	09	Ferdl	sample	16S	78	5.75	1000000	0.7	2	0.35
FR-B5-09_109022-G11	FR-B5-09	109022	2	B5	09	Ferdl	sample	16S	98	4.8	1000000	1	2	0.5
FR-B6-09_109022-G12	FR-B6-09	109022	2	B6	09	Ferdl	sample	16S	116	4.89	1000000	0.8	2	0.4
FR-B7-09_109022-H01	FR-B7-09	109022	3	B7	09	Ferdl	sample	16S	134	7.24	1000000	0.6	1	0.6
FR-B8-09_109022-H02	FR-B8-09	109022	3	B8	09	Ferdl	sample	16S	154	6.88	1000000	0.5	1	0.5
FR-B9-09_109022-H03	FR-B9-09	109022	3	B9	09	Ferdl	sample	16S	173	6.97	1000000	0.9	2	0.45
FR-B1-10_109022-H04	FR-B1-10	109022	1	B1	10	Ferdl	sample	16S	19	6.74	1000000	0.8	1	0.8
FR-B2-10_109022-H05	FR-B2-10	109022	1	B2	10	Ferdl	sample	16S	39	7.09	1000000	0.6	1	0.6
FR-B3-10_109022-H06	FR-B3-10	109022	1	B3	10	Ferdl	sample	16S	60	7.14	1000000	1	2	0.5
FR-B4-10_109022-H07	FR-B4-10	109022	2	B4	10	Ferdl	sample	16S	80	4.89	1000000	0.8	2	0.4
FR-B5-10_109022-H08	FR-B5-10	109022	2	B5	10	Ferdl	sample	16S	100	4.81	1000000	1	1	1
FR-B6-10_109022-H09	FR-B6-10	109022	2	B6	10	Ferdl	sample	16S	118	4.57	1000000	0.9	2	0.45
FR-B7-10_109022-H10	FR-B7-10	109022	3	B7	10	Ferdl	sample	16S	136	3.73	1000000	0.7	1	0.7
FR-B8-10_109023-A01	FR-B8-10	109023	3	B8	10	Ferdl	sample	16S	156	5.6	1000000	0.6	1	0.6
FR-B9-10_109023-A02	FR-B9-10	109023	3	B9	10	Ferdl	sample	16S	175	5.39	1000000	1	2	0.5
FR-mock_109023-A03	FR-mock	109023	NA	mo	NA	Ferdl	sample	16S	177	5.81	0	NA	NA	NA
TM-1_9_109023-B02	TM-1_9	109023	NA	NA	NA	Tea	sample	16S	215	4.92	10000	NA	NA	NA
TM-1_8_109023-B01	TM-1_8	109023	NA	NA	NA	Tea	sample	16S	213	5.28	10000	NA	NA	NA
TM-1_7_109023-A12	TM-1_7	109023	NA	NA	NA	Tea	sample	16S	211	4.74	10000	NA	NA	NA
TM-1_6_109023-A11	TM-1_6	109023	NA	NA	NA	Tea	sample	16S	209	5.04	10000	NA	NA	NA
TM-1_5_109023-A10	TM-1_5	109023	NA	NA	NA	Tea	sample	16S	207	5.14	10000	NA	NA	NA
TM-1_4_109023-A09	TM-1_4	109023	NA	NA	NA	Tea	sample	16S	205	5.12	10000	NA	NA	NA
TM-1_37_109023-D06	TM-1_37	109023	NA	NA	NA	Tea	sample	16S	271	6.29	0	NA	NA	NA
TM-1_36_109023-D05	TM-1_36	109023	NA	NA	NA	Tea	sample	16S	269	2.05	10000	NA	NA	NA
TM-1_35_109699-D04	TM-1_35	109699	NA	NA	NA	Tea	sample	16S	267	0.09	0	NA	NA	NA
TM-1_34_109023-D03	TM-1_34	109023	NA	NA	NA	Tea	sample	16S	265	1.67	10000	NA	NA	NA
TM-1_33_109699-D02	TM-1_33	109699	NA	NA	NA	Tea	sample	16S	263	0.06	0	NA	NA	NA
TM-1_32_109023-D01	TM-1_32	109023	NA	NA	NA	Tea	sample	16S	261	5.09	10000	NA	NA	NA
TM-1_31_109023-C12	TM-1_31	109023	NA	NA	NA	Tea	sample	16S	259	5.08	10000	NA	NA	NA
TM-1_30_109023-C11	TM-1_30	109023	NA	NA	NA	Tea	sample	16S	257	5.3	10000	NA	NA	NA
TM-1_3_109023-A08	TM-1_3	109023	NA	NA	NA	Tea	sample	16S	203	4.98	10000	NA	NA	NA
TM-1_29_109023-C10	TM-1_29	109023	NA	NA	NA	Tea	sample	16S	255	5.33	10000	NA	NA	NA
TM-1_28_109023-C09	TM-1_28	109023	NA	NA	NA	Tea	sample	16S	253	5.21	10000	NA	NA	NA
TM-1_27_109023-C08	TM-1_27	109023	NA	NA	NA	Tea	sample	16S	251	5.02	10000	NA	NA	NA
TM-1_26_109023-C07	TM-1_26	109023	NA	NA	NA	Tea	sample	16S	249	5.4	10000	NA	NA	NA
TM-1_25_109023-C06	TM-1_25	109023	NA	NA	NA	Tea	sample	16S	247	5.25	10000	NA	NA	NA
TM-1_24_109023-C05	TM-1_24	109023	NA	NA	NA	Tea	sample	16S	245	4.94	10000	NA	NA	NA
TM-1_23_109023-C04	TM-1_23	109023	NA	NA	NA	Tea	sample	16S	243	4.82	10000	NA	NA	NA
TM-1_22_109023-C03	TM-1_22	109023	NA	NA	NA	Tea	sample	16S	241	4.31	10000	NA	NA	NA
TM-1_21_109023-C02	TM-1_21	109023	NA	NA	NA	Tea	sample	16S	239	4.86	10000	NA	NA	NA
TM-1_20_109023-C01	TM-1_20	109023	NA	NA	NA	Tea	sample	16S	237	4.48	10000	NA	NA	NA
TM-1_2_109023-A07	TM-1_2	109023	NA	NA	NA	Tea	sample	16S	201	5.28	10000	NA	NA	NA
TM-1_19_109023-B12	TM-1_19	109023	NA	NA	NA	Tea	sample	16S	235	4.88	10000	NA	NA	NA
TM-1_18_109023-B11	TM-1_18	109023	NA	NA	NA	Tea	sample	16S	233	5.46	10000	NA	NA	NA
TM-1_17_109023-B10	TM-1_17	109023	NA	NA	NA	Tea	sample	16S	231	4.42	10000	NA	NA	NA
TM-1_16_109023-B09	TM-1_16	109023	NA	NA	NA	Tea	sample	16S	229	4.04	10000	NA	NA	NA
TM-1_15_109023-B08	TM-1_15	109023	NA	NA	NA	Tea	sample	16S	227	4.75	10000	NA	NA	NA
TM-1_14_109023-B07	TM-1_14	109023	NA	NA	NA	Tea	sample	16S	225	4.72	10000	NA	NA	NA
TM-1_13_109023-B06	TM-1_13	109023	NA	NA	NA	Tea	sample	16S	223	4.57	10000	NA	NA	NA
TM-1_12_109023-B05	TM-1_12	109023	NA	NA	NA	Tea	sample	16S	221	5.36	10000	NA	NA	NA
TM-1_11_109023-B04	TM-1_11	109023	NA	NA	NA	Tea	sample	16S	219	5.13	10000	NA	NA	NA
TM-1_10_109023-B03	TM-1_10	109023	NA	NA	NA	Tea	sample	16S	217	5.27	10000	NA	NA	NA
TM-1_1_109023-A06	TM-1_1	109023	NA	NA	NA	Tea	sample	16S	199	5.38	10000	NA	NA	NA
FR-NK31_109699-A05	FR-NK31	109699	NA	NK	NA	Ferdl	control	16S	189	0.07	0	NA	NA	NA
FR-NK3_109023-A04	FR-NK3	109023	NA	NK	NA	Ferdl	control	16S	179	2.12	10000	NA	NA	NA
FR-NK221_110098	FR-NK221	110098	NA	NK	NA	Ferdl	control	16S	197	0.06	0	NA	NA	NA
FR-NK22_110097	FR-NK22	110097	NA	NK	NA	Ferdl	control	16S	187	3.23	10000	NA	NA	NA
FR-NK211_110021-F12	FR-NK211	110021	NA	NK	NA	Ferdl	control	16S	196	0.12	0	NA	NA	NA
FR-NK21_109022-F11	FR-NK21	109022	NA	NK	NA	Ferdl	control	16S	185	1.86	10000	NA	NA	NA
FR-NK121_110021-D12	FR-NK121	110021	NA	NK	NA	Ferdl	control	16S	194	0.05	0	NA	NA	NA
FR-NK12_109022-D11	FR-NK12	109022	NA	NK	NA	Ferdl	control	16S	183	1.18	10000	NA	NA	NA
FR-NK111_110021-B12	FR-NK111	110021	NA	NK	NA	Ferdl	control	16S	192	0.08	0	NA	NA	NA
FR-NK11_109022-B11	FR-NK11	109022	NA	NK	NA	Ferdl	control	16S	181	1.49	10000	NA	NA	NA
FR-B1-01_111828-A01	FR-B1-01	111828	1	B1	01	Ferdl	sample	18S	2	0.07	NA	1	1	1
FR-B2-01_111828-A02	FR-B2-01	111828	1	B2	01	Ferdl	sample	18S	22	0.07	NA	1	1	1
FR-B3-01_111828-A03	FR-B3-01	111828	1	B3	01	Ferdl	sample	18S	42	0.07	NA	1	1	1
FR-B4-01_111828-A04	FR-B4-01	111828	2	B4	01	Ferdl	sample	18S	63	0.06	NA	1	1	1
FR-B5-01_111828-A05	FR-B5-01	111828	2	B5	01	Ferdl	sample	18S	83	0.06	NA	1	1	1
FR-B6-01_111828-A06	FR-B6-01	111828	2	B6	01	Ferdl	sample	18S	103	0.06	NA	1	1	1
FR-B7-01_111828-A07	FR-B7-01	111828	3	B7	01	Ferdl	sample	18S	121	0.06	NA	1	1	1
FR-B8-01_111828-A08	FR-B8-01	111828	3	B8	01	Ferdl	sample	18S	139	0.06	NA	1	1	1
FR-B9-01_111828-A09	FR-B9-01	111828	3	B9	01	Ferdl	sample	18S	158	0.06	NA	1	1	1
FR-B1-02_111828-A10	FR-B1-02	111828	1	B1	02	Ferdl	sample	18S	4	0.06	NA	1	1	1
FR-B2-02_111828-A11	FR-B2-02	111828	1	B2	02	Ferdl	sample	18S	24	0.07	NA	1	1	1
FR-B3-02_111828-A12	FR-B3-02	111828	1	B3	02	Ferdl	sample	18S	44	0.07	NA	1	1	1
FR-B4-02_111828-B01	FR-B4-02	111828	2	B4	02	Ferdl	sample	18S	65	0.08	NA	0.5	1	0.5
FR-B5-02_109919-B02	FR-B5-02	109919	2	B5	02	Ferdl	sample	18S	85	0.11	NA	0.75	1	0.75
FR-B6-02_111828-B03	FR-B6-02	111828	2	B6	02	Ferdl	sample	18S	105	0.09	NA	1	1	1
FR-B7-02_109919-B04	FR-B7-02	109919	3	B7	02	Ferdl	sample	18S	123	0.11	NA	1	1	1
FR-B8-02_109919-B05	FR-B8-02	109919	3	B8	02	Ferdl	sample	18S	141	0.11	NA	0.7	1	0.7
FR-B9-02_109919-B06	FR-B9-02	109919	3	B9	02	Ferdl	sample	18S	160	0.1	NA	0.6	1	0.6
FR-B1-03_109919-B07	FR-B1-03	109919	1	B1	03	Ferdl	sample	18S	6	0.1	NA	0.75	1	0.75
FR-B2-03_109919-B08	FR-B2-03	109919	1	B2	03	Ferdl	sample	18S	26	0.1		1	1	1
FR-B3-03_111828-B09	FR-B3-03	111828	1	B3	03	Ferdl	sample	18S	46	0.08	NA	0.75	1	0.75
FR-B4-03_111828-B10	FR-B4-03	111828	2	B4	03	Ferdl	sample	18S	67	0.07	NA	1	2	0.5
FR-B5-03_109919-C01	FR-B5-03	109919	2	B5	03	Ferdl	sample	18S	87	0.1	NA	0.75	1	0.75
FR-B6-03_109919-C02	FR-B6-03	109919	2	B6	03	Ferdl	sample	18S	107	0.13	NA	0.96	1	0.96
FR-B7-03_109919-C03	FR-B7-03	109919	3	B7	03	Ferdl	sample	18S	125	0.12	NA	0.6	1	0.6
FR-B8-03_109919-C04	FR-B8-03	109919	3	B8	03	Ferdl	sample	18S	143	0.18	NA	0.9	1	0.9
FR-B9-03_109919-C05	FR-B9-03	109919	3	B9	03	Ferdl	sample	18S	162	0.12	NA	1	2	0.5
FR-B1-04_109919-C06	FR-B1-04	109919	1	B1	04	Ferdl	sample	18S	8	0.12		0.75	2	0.375
FR-B2-04_109919-C07	FR-B2-04	109919	1	B2	04	Ferdl	sample	18S	28	0.1		0.6	1	0.6
FR-B3-04_111828-C08	FR-B3-04	111828	1	B3	04	Ferdl	sample	18S	48	0.09	NA	1	2	0.5
FR-B4-04_111828-C09	FR-B4-04	111828	2	B4	04	Ferdl	sample	18S	69	0.08	NA	1	2	0.5
FR-B5-04_109919-C10	FR-B5-04	109919	2	B5	04	Ferdl	sample	18S	89	0.14	NA	0.6	1	0.6
FR-B6-04_109919-C11	FR-B6-04	109919	2	B6	04	Ferdl	sample	18S	109	0.11	NA	1	2	0.5
FR-B7-04_109919-C12	FR-B7-04	109919	3	B7	04	Ferdl	sample	18S	127	0.12	NA	0.55	1	0.55
FR-B8-04_109919-D01	FR-B8-04	109919	3	B8	04	Ferdl	sample	18S	145	0.18	NA	1	1	1
FR-B9-04_109919-D02	FR-B9-04	109919	3	B9	04	Ferdl	sample	18S	164	0.19	NA	0.6	1	0.6
FR-B1-05_109919-D03	FR-B1-05	109919	1	B1	05	Ferdl	sample	18S	10	0.14		1	2	0.5
FR-B2-05_109919-D04	FR-B2-05	109919	1	B2	05	Ferdl	sample	18S	30	0.15		1	2	0.5
FR-B3-05_109919-D05	FR-B3-05	109919	1	B3	05	Ferdl	sample	18S	50	0.14		1	1	1
FR-B4-05_111828-D06	FR-B4-05	111828	2	B4	05	Ferdl	sample	18S	71	0.09	NA	1	2	0.5
FR-B5-05_111828-D07	FR-B5-05	111828	2	B5	05	Ferdl	sample	18S	91	0.09	NA	0.75	1	0.75
FR-B6-05_111828-D08	FR-B6-05	111828	2	B6	05	Ferdl	sample	18S		0.08	NA	0.75	1	0.75
FR-B7-05_109919-D09	FR-B7-05	109919	3	B7	05	Ferdl	sample	18S	129	0.1	NA	0.75	1	0.75
FR-B8-05_109919-D10	FR-B8-05	109919	3	B8	05	Ferdl	sample	18S	147	0.1	NA	0.75	1	0.75
FR-B9-05_109919-E01	FR-B9-05	109919	3	B9	05	Ferdl	sample	18S	166	0.15	NA	0.75	2	0.375
FR-B1-06_109919-E02	FR-B1-06	109919	1	B1	06	Ferdl	sample	18S	12	0.18		0.7	1	0.7
FR-B2-06_109919-E03	FR-B2-06	109919	1	B2	06	Ferdl	sample	18S	32	0.13		0.8	2	0.4
FR-B3-06_109919-E04	FR-B3-06	109919	1	B3	06	Ferdl	sample	18S	52	0.13		0.8	2	0.4
FR-B4-06_109919-E05	FR-B4-06	109919	2	B4	06	Ferdl	sample	18S	73	0.17	NA	0.6	1	0.6
FR-B5-06_111828-E06	FR-B5-06	111828	2	B5	06	Ferdl	sample	18S	93	0.07	NA	0.75	1	0.75
FR-B6-06_111828-E07	FR-B6-06	111828	2	B6	06	Ferdl	sample	18S		0.08	NA	0.7	2	0.35
FR-B7-06_111828-E08	FR-B7-06	111828	3	B7	06	Ferdl	sample	18S		0.06	NA	0.8	2	0.4
FR-B8-06_111828-E09	FR-B8-06	111828	3	B8	06	Ferdl	sample	18S	149	0.06	NA	0.6	1	0.6
FR-B9-06_111828-E10	FR-B9-06	111828	3	B9	06	Ferdl	sample	18S	168	0.06	NA	0.75	2	0.375
FR-B1-07_109919-E11	FR-B1-07	109919	1	B1	07	Ferdl	sample	18S	14	0.13		0.8	2	0.4
FR-B2-07_111828-E12	FR-B2-07	111828	1	B2	07	Ferdl	sample	18S	34	0.09	NA	0.9	2	0.45
FR-B3-07_109919-F01	FR-B3-07	109919	1	B3	07	Ferdl	sample	18S	54	0.14		0.8	2	0.4
FR-B4-07_109919-F02	FR-B4-07	109919	2	B4	07	Ferdl	sample	18S	75	0.16	NA	0.8	2	0.4
FR-B5-07_109919-F03	FR-B5-07	109919	2	B5	07	Ferdl	sample	18S	95	0.14	NA	0.9	2	0.45
FR-B6-07_109919-F04	FR-B6-07	109919	2	B6	07	Ferdl	sample	18S	113	0.1	NA	0.9	2	0.45
FR-B7-07_109919-F05	FR-B7-07	109919	3	B7	07	Ferdl	sample	18S	132	0.14	NA	0.5	1	0.5
FR-B8-07_111828-F06	FR-B8-07	111828	3	B8	07	Ferdl	sample	18S	151	0.09	NA	0.5	1	0.5
FR-B9-07_111828-F07	FR-B9-07	111828	3	B9	07	Ferdl	sample	18S	170	0.08	NA	0.8	2	0.4
FR-B1-08_111828-F08	FR-B1-08	111828	1	B1	08	Ferdl	sample	18S	16	0.06	NA	1	2	0.5
FR-B2-08_111828-F09	FR-B2-08	111828	1	B2	08	Ferdl	sample	18S	36	0.07	NA	1	2	0.5
FR-B3-08_111828-F10	FR-B3-08	111828	1	B3	08	Ferdl	sample	18S	57	0.06	NA	0.9	2	0.45
FR-B4-08_109919-G01	FR-B4-08	109919	2	B4	08	Ferdl	sample	18S	77	0.11	NA	0.7	2	0.35
FR-B5-08_109919-G02	FR-B5-08	109919	2	B5	08	Ferdl	sample	18S	97	0.11	NA	1	2	0.5
FR-B6-08_111828-G03	FR-B6-08	111828	2	B6	08	Ferdl	sample	18S	115	0.08	NA	0.9	2	0.45
FR-B7-08_111828-G04	FR-B7-08	111828	3	B7	08	Ferdl	sample	18S		0.09	NA	0.8	2	0.4
FR-B8-08_111828-G05	FR-B8-08	111828	3	B8	08	Ferdl	sample	18S	153	0.06	NA	0.6	1	0.6
FR-B9-08_111828-G06	FR-B9-08	111828	3	B9	08	Ferdl	sample	18S	172	0.06	NA	0.9	2	0.45
FR-B1-09_111828-G07	FR-B1-09	111828	1	B1	09	Ferdl	sample	18S	18	0.06	NA	1	1	1
FR-B2-09_111828-G08	FR-B2-09	111828	1	B2	09	Ferdl	sample	18S	38	0.06	NA	0.5	1	0.5
FR-B3-09_111828-G09	FR-B3-09	111828	1	B3	09	Ferdl	sample	18S	59	0.07	NA	0.75	2	0.375
FR-B4-09_111828-G10	FR-B4-09	111828	2	B4	09	Ferdl	sample	18S	79	0.08	NA	0.7	2	0.35
FR-B5-09_111828-G11	FR-B5-09	111828	2	B5	09	Ferdl	sample	18S	99	0.09	NA	1	2	0.5
FR-B6-09_111828-G12	FR-B6-09	111828	2	B6	09	Ferdl	sample	18S	117	0.08	NA	0.8	2	0.4
FR-B7-09_109919-H01	FR-B7-09	109919	3	B7	09	Ferdl	sample	18S	135	0.12	NA	0.6	1	0.6
FR-B8-09_109919-H02	FR-B8-09	109919	3	B8	09	Ferdl	sample	18S	155	0.1	NA	0.5	1	0.5
FR-B9-09_111828-H03	FR-B9-09	111828	3	B9	09	Ferdl	sample	18S	174	0.08	NA	0.9	2	0.45
FR-B1-10_111828-H04	FR-B1-10	111828	1	B1	10	Ferdl	sample	18S	20	0.09	NA	0.8	1	0.8
FR-B2-10_111828-H05	FR-B2-10	111828	1	B2	10	Ferdl	sample	18S	40	0.07	NA	0.6	1	0.6
FR-B3-10_111828-H06	FR-B3-10	111828	1	B3	10	Ferdl	sample	18S	61	0.08	NA	1	2	0.5
FR-B4-10_111828-H07	FR-B4-10	111828	2	B4	10	Ferdl	sample	18S	81	0.07	NA	0.8	2	0.4
FR-B5-10_111828-H08	FR-B5-10	111828	2	B5	10	Ferdl	sample	18S	101	0.08	NA	1	1	1
FR-B6-10_111828-H09	FR-B6-10	111828	2	B6	10	Ferdl	sample	18S	119	0.08	NA	0.9	2	0.45
FR-B7-10_111828-H10	FR-B7-10	111828	3	B7	10	Ferdl	sample	18S	137	0.09	NA	0.7	1	0.7
FR-B8-10_111829-A01	FR-B8-10	111829	3	B8	10	Ferdl	sample	18S		0.07	NA	0.6	1	0.6
FR-B9-10_111829-A02	FR-B9-10	111829	3	B9	10	Ferdl	sample	18S	176	0.07	NA	1	2	0.5
FR-mock_109920-A03	FR-mock	109920	NA	mo	NA	Ferdl	sample	18S	178	4.47	NA	NA	NA	NA
TM-1_9_111829-B02	TM-1_9	111829	NA	NA	NA	Tea	sample	18S	216	0.06	NA	NA	NA	NA
TM-1_8_111829-B01	TM-1_8	111829	NA	NA	NA	Tea	sample	18S	214	0.06	NA	NA	NA	NA
TM-1_7_111829-A12	TM-1_7	111829	NA	NA	NA	Tea	sample	18S	212	0.06	NA	NA	NA	NA
TM-1_6_111829-A11	TM-1_6	111829	NA	NA	NA	Tea	sample	18S	210	0.06	NA	NA	NA	NA
TM-1_5_111829-A10	TM-1_5	111829	NA	NA	NA	Tea	sample	18S	208	0.06	NA	NA	NA	NA
TM-1_4_111829-A09	TM-1_4	111829	NA	NA	NA	Tea	sample	18S	206	0.06	NA	NA	NA	NA
TM-1_37_109920-D06	TM-1_37	109920	NA	NA	NA	Tea	sample	18S	272	4.17	NA	NA	NA	NA
TM-1_36_110099-D05	TM-1_36	110099	NA	NA	NA	Tea	sample	18S	270	0.04	NA	NA	NA	NA
TM-1_35_110099-D04	TM-1_35	110099	NA	NA	NA	Tea	sample	18S	268	0.04	NA	NA	NA	NA
TM-1_34_110099-D03	TM-1_34	110099	NA	NA	NA	Tea	sample	18S	266	0.05	NA	NA	NA	NA
TM-1_33_110099-D02	TM-1_33	110099	NA	NA	NA	Tea	sample	18S	264	0.06	NA	NA	NA	NA
TM-1_32_111829-D01	TM-1_32	111829	NA	NA	NA	Tea	sample	18S	262	0.08	NA	NA	NA	NA
TM-1_31_111829-C12	TM-1_31	111829	NA	NA	NA	Tea	sample	18S	260	0.07	NA	NA	NA	NA
TM-1_30_111829-C11	TM-1_30	111829	NA	NA	NA	Tea	sample	18S	258	0.06	NA	NA	NA	NA
TM-1_3_111829-A08	TM-1_3	111829	NA	NA	NA	Tea	sample	18S	204	0.06	NA	NA	NA	NA
TM-1_29_111829-C10	TM-1_29	111829	NA	NA	NA	Tea	sample	18S	256	0.1	NA	NA	NA	NA
TM-1_28_111829-C09	TM-1_28	111829	NA	NA	NA	Tea	sample	18S	254	0.08	NA	NA	NA	NA
TM-1_27_111829-C08	TM-1_27	111829	NA	NA	NA	Tea	sample	18S	252	0.06	NA	NA	NA	NA
TM-1_26_111829-C07	TM-1_26	111829	NA	NA	NA	Tea	sample	18S	250	0.06	NA	NA	NA	NA
TM-1_25_111829-C06	TM-1_25	111829	NA	NA	NA	Tea	sample	18S	248	0.06	NA	NA	NA	NA
TM-1_24_111829-C05	TM-1_24	111829	NA	NA	NA	Tea	sample	18S	246	0.07	NA	NA	NA	NA
TM-1_23_111829-C04	TM-1_23	111829	NA	NA	NA	Tea	sample	18S	244	0.07	NA	NA	NA	NA
TM-1_22_111829-C03	TM-1_22	111829	NA	NA	NA	Tea	sample	18S	242	0.07	NA	NA	NA	NA
TM-1_21_111829-C02	TM-1_21	111829	NA	NA	NA	Tea	sample	18S	240	0.06	NA	NA	NA	NA
TM-1_20_111829-C01	TM-1_20	111829	NA	NA	NA	Tea	sample	18S	238	0.07	NA	NA	NA	NA
TM-1_2_111829-A07	TM-1_2	111829	NA	NA	NA	Tea	sample	18S	202	0.06	NA	NA	NA	NA
TM-1_19_111829-B12	TM-1_19	111829	NA	NA	NA	Tea	sample	18S	236	0.07	NA	NA	NA	NA
TM-1_18_111829-B11	TM-1_18	111829	NA	NA	NA	Tea	sample	18S	234	0.06	NA	NA	NA	NA
TM-1_17_111829-B10	TM-1_17	111829	NA	NA	NA	Tea	sample	18S	232	0.06	NA	NA	NA	NA
TM-1_16_111829-B09	TM-1_16	111829	NA	NA	NA	Tea	sample	18S	230	0.06	NA	NA	NA	NA
TM-1_15_111829-B08	TM-1_15	111829	NA	NA	NA	Tea	sample	18S	228	0.06	NA	NA	NA	NA
TM-1_14_111829-B07	TM-1_14	111829	NA	NA	NA	Tea	sample	18S	226	0.07	NA	NA	NA	NA
TM-1_13_111829-B06	TM-1_13	111829	NA	NA	NA	Tea	sample	18S	224	0.06	NA	NA	NA	NA
TM-1_12_111829-B05	TM-1_12	111829	NA	NA	NA	Tea	sample	18S	222	0.06	NA	NA	NA	NA
TM-1_11_111829-B04	TM-1_11	111829	NA	NA	NA	Tea	sample	18S	220	0.06	NA	NA	NA	NA
TM-1_10_111829-B03	TM-1_10	111829	NA	NA	NA	Tea	sample	18S	218	0.06	NA	NA	NA	NA
TM-1_1_111829-A06	TM-1_1	111829	NA	NA	NA	Tea	sample	18S	200	0.06	NA	NA	NA	NA
FR-NK31_110099-A05	FR-NK31	110099	NA	NK	NA	Ferdl	control	18S	190	0.05	NA	NA	NA	NA
FR-NK3_110099-A04	FR-NK3	110099	NA	NK	NA	Ferdl	control	18S	180	0.04	NA	NA	NA	NA
FR-NK211_109919-F12	FR-NK211	109919	NA	NK	NA	Ferdl	control	18S	195	0.06	NA	NA	NA	NA
FR-NK21_109919-F11	FR-NK21	109919	NA	NK	NA	Ferdl	control	18S	186	0.04	NA	NA	NA	NA
FR-NK121_109919-D12	FR-NK121	109919	NA	NK	NA	Ferdl	control	18S	193	0.06	NA	NA	NA	NA
FR-NK12_109919-D11	FR-NK12	109919	NA	NK	NA	Ferdl	control	18S	184	0.06	NA	NA	NA	NA
FR-NK111_109919-B12	FR-NK111	109919	NA	NK	NA	Ferdl	control	18S	191	0.06	NA	NA	NA	NA
FR-NK11_109919-B11	FR-NK11	109919	NA	NK	NA	Ferdl	control	18S	182	0.06	NA	NA	NA	NA
empty2	FR-NK221		NA	NK	NA	Ferdl	control	18S	198	0.05	NA	NA	NA	NA
empty1	FR-NK22		NA	NK	NA	Ferdl	control	18S	188	0.04	NA	NA	NA	NA
